word	label
right	seek

say	continue

well	seek

well	seek

uhhuh	reinforce

uhhuh	reinforce

uhhuh	reinforce

youknow	seek

uhhuh	reinforce

uhhuh	reinforce

yeah	seek

yeah	seek

yeah	seek

anyway	end

yeah	seek

well	seek

oh	seek

youknow	seek

uhhuh	reinforce

yeah	reinforce

right	end

nice	end

uh	seek

well	continue

yeah	reinforce

yeah	reinforce

well	seek

nice	continue

thatsright	end

yeah	reinforce

say	end

uhhuh	end

youknow	seek

huhuh	end

sure	reinforce

so	end

yeah	reinforce

now	continue

like	continue

oh	seek

yeah	reinforce

yeah	reinforce

well	end

yeah	reinforce

so	continue

well	continue

like	continue

uhhuh	reinforce

so	seek

uhhuh	reinforce

yeah	seek

youknow	continue

yeah	seek

yes	end

see	seek

so	end

oh	seek

uhhuh	reinforce

thatsright	end

yeah	reinforce

yousee	continue

yeah	reinforce

uhhuh	reinforce

uh	continue

right	end

yeah	end

yeah	seek

uhhuh	seek

yeah	seek

oh	seek

yeah	reinforce

yeah	seek

yeah	reinforce

right	end

thatsright	seek

well	end

uhhuh	reinforce

so	continue

yeah	end

like	continue

sure	reinforce

say	continue

uhhuh	reinforce

uhhuh	reinforce

oh	reinforce

um	continue

so	continue

actually	continue

yeah	seek

uh	end

uhhuh	reinforce

uhhuh	reinforce

so	end

well	end

right	seek

now	continue

well	seek

uhhuh	reinforce

now	end

oh	seek

yeah	seek

sure	continue

well	seek

nice	end

so	end

now	continue

um	continue

uh	continue

um	end

yeah	seek

right	end

yeah	seek

oh	seek

uh	end

uhhuh	reinforce

uh	continue

um	end

well	end

so	end

yeah	seek

right	end

so	seek

nice	continue

yeah	reinforce

like	continue

nice	end

uh	end

right	reinforce

yes	seek

well	end

uhhuh	reinforce

say	continue

uhhuh	reinforce

well	seek

uhhuh	reinforce

uhhuh	reinforce

anyway	end

yes	end

yeah	reinforce

uh	continue

yeah	end

uhhuh	seek

yeah	reinforce

uhhuh	reinforce

youknow	continue

oh	seek

uhhuh	reinforce

yes	reinforce

right	reinforce

um	continue

thatsright	end

well	reinforce

yeah	end

so	seek

see	continue

yeah	end

anyway	end

um	seek

uhhuh	reinforce

uhhuh	seek

like	continue

yeah	reinforce

uhhuh	reinforce

yeah	seek

so	continue

youknow	end

right	reinforce

well	end

so	continue

oh	continue

yeah	reinforce

right	reinforce

yeah	reinforce

uh	end

uh	end

uhhuh	reinforce

uh	end

uhhuh	reinforce

okay	reinforce

uh	end

now	continue

yes	seek

oh	continue

youknow	end

yeah	reinforce

yeah	seek

yeah	seek

well	end

yeah	seek

well	seek

yeah	reinforce

like	continue

uhhuh	reinforce

uhhuh	reinforce

well	seek

uhhuh	reinforce

uh	continue

uh	seek

now	end

yeah	reinforce

oh	seek

so	continue

uhhuh	reinforce

yeah	end

oh	reinforce

so	end

uh	continue

uh	end

yeah	seek

uhhuh	reinforce

um	end

so	continue

okay	reinforce

so	end

oh	reinforce

yeah	reinforce

uh	continue

youknow	continue

right	seek

right	reinforce

uhhuh	reinforce

yeah	end

wow	end

right	reinforce

oh	end

well	continue

uhhuh	reinforce

right	continue

so	end

say	end

uhhuh	continue

yeah	end

uh	continue

so	seek

yeah	seek

right	end

uhhuh	reinforce

nice	seek

um	seek

yeah	reinforce

yes	seek

so	end

like	continue

uh	continue

yes	seek

so	seek

yeah	seek

yep	seek

youknow	continue

now	seek

like	continue

uh	continue

so	continue

youknow	seek

yeah	seek

youknow	continue

so	seek

okay	continue

uh	continue

yeah	reinforce

thatsright	end

see	continue

oh	reinforce

oh	seek

yeah	end

like	continue

oh	seek

uh	continue

uhhuh	reinforce

huh	end

wow	seek

uhhuh	reinforce

nice	end

okay	seek

so	seek

um	end

so	end

youknow	seek

youknow	continue

now	end

uhhuh	reinforce

uhhuh	reinforce

uh	continue

oh	seek

yep	end

well	seek

yeah	end

anyway	end

well	end

yeah	reinforce

uhhuh	reinforce

yeah	reinforce

yeah	reinforce

uhhuh	reinforce

well	seek

huhuh	reinforce

uhhuh	seek

uhhuh	reinforce

yeah	continue

well	end

uh	continue

now	end

yeah	seek

yeah	end

uhhuh	reinforce

uh	end

like	continue

okay	seek

actually	continue

yeah	reinforce

right	reinforce

anyway	seek

youknow	continue

yeah	reinforce

uhhuh	reinforce

yeah	reinforce

uh	continue

huh	end

yeah	reinforce

uh	end

right	continue

well	continue

uh	end

uh	continue

oh	seek

uh	end

yeah	seek

um	end

um	end

yeah	end

yeah	reinforce

oh	seek

uhhuh	reinforce

sure	end

yeah	seek

uhhuh	reinforce

yes	seek

yeah	end

well	seek

so	end

uh	continue

yeah	seek

true	end

so	continue

uh	end

thatstrue	seek

see	continue

um	continue

youknow	end

so	seek

oh	reinforce

nice	end

uhhuh	reinforce

uhhuh	reinforce

okay	reinforce

well	end

yeah	seek

um	seek

okay	end

well	continue

well	end

yeah	reinforce

oh	seek

uh	continue

uhhuh	reinforce

huh	end

so	end

okay	seek

uh	end

okay	reinforce

uhhuh	reinforce

um	seek

okay	seek

uhhuh	reinforce

uhhuh	reinforce

yeah	seek

youknow	end

right	continue

uh	continue

youknow	end

yeah	end

yeah	reinforce

youknow	continue

uh	end

wow	seek

uh	continue

okay	end

uh	end

thatsright	seek

right	end

sure	reinforce

like	continue

thatsright	seek

uhhuh	seek

huh	end

uh	continue

oh	seek

uh	continue

so	end

uhhuh	seek

right	reinforce

so	seek

um	seek

uh	end

uh	continue

yeah	end

youknow	end

youknow	end

right	end

thatstrue	end

oh	reinforce

thatstrue	end

like	continue

anyway	end

youknow	end

well	seek

uh	seek

huh	end

well	seek

uhhuh	reinforce

like	continue

um	seek

oh	reinforce

like	continue

oh	continue

nice	seek

uhhuh	reinforce

so	continue

uh	continue

uhhuh	reinforce

right	reinforce

yeah	end

see	reinforce

uh	continue

hm	reinforce

oh	continue

yeah	seek

yeah	end

yousee	continue

yeah	seek

so	end

yeah	reinforce

so	continue

yeah	reinforce

well	seek

yeah	end

youknow	continue

uhhuh	seek

um	seek

right	end

well	seek

well	continue

so	continue

um	end

uhhuh	reinforce

um	continue

so	continue

yeah	seek

thatsright	end

youknow	seek

uh	end

now	end

hum	reinforce

see	end

right	end

youknow	continue

uh	continue

uh	continue

right	reinforce

so	continue

uh	end

youknow	end

so	end

uh	end

so	end

uhhuh	reinforce

uh	continue

uh	seek

uh	continue

uh	continue

uh	end

like	continue

uhhuh	reinforce

yeah	end

so	end

yeah	seek

yeah	reinforce

like	continue

so	end

right	reinforce

yeah	seek

sure	seek

so	end

oh	reinforce

yeah	seek

yeah	reinforce

youknow	end

right	seek

uhhuh	seek

well	seek

um	end

true	end

so	end

right	seek

okay	reinforce

well	seek

uh	continue

uhhuh	reinforce

well	seek

uhhuh	reinforce

uh	continue

now	end

yeah	reinforce

oh	reinforce

yeah	reinforce

um	continue

uhhuh	reinforce

yeah	reinforce

hm	reinforce

so	end

thatstrue	end

youknow	continue

uh	continue

oh	seek

now	end

uhhuh	reinforce

oh	seek

um	continue

uh	continue

yes	seek

uh	end

yeah	reinforce

say	end

youknow	continue

right	continue

uhhuh	reinforce

yeah	reinforce

youknow	continue

yeah	seek

oh	seek

uhhuh	reinforce

yeah	end

uhhuh	reinforce

wow	seek

uhhuh	reinforce

uhhuh	reinforce

uhhuh	reinforce

now	continue

okay	end

like	continue

uh	end

like	continue

see	continue

um	continue

uhhuh	reinforce

youknow	seek

um	end

thatsright	seek

youknow	end

youknow	continue

yeah	continue

huh	end

yes	seek

uh	end

uhhuh	reinforce

uhhuh	reinforce

uh	reinforce

uhhuh	reinforce

uhhuh	reinforce

well	seek

uh	seek

um	seek

oh	reinforce

so	end

uhhuh	seek

um	end

um	reinforce

oh	reinforce

like	continue

yes	seek

well	seek

uhhuh	reinforce

now	end

um	seek

right	reinforce

yeah	end

uhhuh	reinforce

right	end

so	seek

uh	continue

well	seek

oh	reinforce

uhhuh	reinforce

so	continue

now	continue

actually	end

youknow	seek

youknow	continue

right	end

uhhuh	reinforce

actually	seek

uhhuh	seek

now	continue

uhhuh	reinforce

yeah	reinforce

okay	end

well	continue

yeah	seek

like	continue

yeah	continue

right	continue

um	end

uhhuh	reinforce

like	continue

wow	seek

yeah	reinforce

yeah	seek

right	reinforce

uhhuh	reinforce

youknow	continue

yeah	reinforce

uhhuh	reinforce

thatstrue	end

yeah	seek

uhhuh	reinforce

like	continue

okay	reinforce

well	seek

yeah	continue

so	continue

uhhuh	reinforce

uhhuh	reinforce

oh	reinforce

yeah	continue

yeah	seek

oh	seek

oh	seek

uhhuh	reinforce

uhhuh	reinforce

thatstrue	end

uh	continue

like	continue

yeah	seek

yeah	seek

wow	seek

now	end

um	end

yeah	seek

well	seek

well	seek

uhhuh	reinforce

um	continue

uhhuh	seek

yeah	end

uhhuh	reinforce

youknow	end

yeah	reinforce

uhhuh	reinforce

okay	reinforce

oh	seek

oh	seek

yeah	end

yeah	reinforce

now	end

so	end

like	end

oh	seek

so	seek

well	continue

uh	seek

so	continue

uh	continue

yeah	seek

yeah	reinforce

hm	seek

huhuh	end

huh	end

yeah	reinforce

yeah	reinforce

true	end

thatsright	continue

youknow	end

right	reinforce

yeah	seek

um	continue

yeah	reinforce

anyway	continue

yeah	reinforce

yeah	reinforce

uh	continue

oh	seek

say	end

uhhuh	seek

now	continue

uhhuh	seek

so	continue

well	seek

uhhuh	reinforce

so	end

uh	continue

like	end

well	end

oh	seek

so	end

yeah	seek

well	reinforce

yeah	seek

oh	seek

youknow	end

uh	seek

uhhuh	reinforce

sure	end

sure	seek

so	continue

like	seek

yeah	reinforce

okay	reinforce

uhhuh	seek

uhhuh	reinforce

hum	reinforce

yeah	end

well	end

youknow	continue

uh	seek

uh	end

right	continue

um	end

uhhuh	reinforce

uhhuh	end

uh	continue

uhhuh	reinforce

yes	end

well	seek

right	reinforce

uh	continue

uh	continue

so	seek

thatsright	end

well	seek

uhhuh	reinforce

right	end

so	seek

huh	reinforce

youknow	end

um	continue

yeah	reinforce

now	end

oh	seek

so	end

like	continue

well	seek

okay	continue

right	seek

well	continue

well	reinforce

like	continue

youknow	continue

uh	seek

uh	continue

yeah	reinforce

cool	end

right	seek

right	end

um	seek

uh	continue

uh	continue

uh	continue

oh	reinforce

huh	seek

yeah	end

uh	end

yeah	seek

well	seek

uhhuh	reinforce

sure	seek

youknow	continue

yeah	seek

uhhuh	reinforce

yeah	seek

youknow	end

uhhuh	reinforce

uhhuh	seek

yes	continue

uhhuh	reinforce

yeah	seek

well	seek

um	continue

uh	end

uhhuh	reinforce

youknow	continue

wow	end

um	end

uh	continue

now	continue

yeah	reinforce

okay	reinforce

so	continue

well	continue

okay	end

uh	continue

huh	end

youknow	continue

uh	end

right	end

right	end

youknow	end

yeah	seek

oh	reinforce

yeah	seek

oh	seek

like	continue

um	continue

well	seek

so	continue

sure	end

right	seek

um	continue

well	end

wow	end

youknow	continue

so	end

right	reinforce

right	reinforce

uhhuh	reinforce

well	end

yeah	seek

youknow	end

uhhuh	reinforce

right	seek

well	seek

uhhuh	seek

right	seek

uh	seek

youknow	continue

yeah	reinforce

uh	continue

yeah	reinforce

uhhuh	reinforce

sure	end

yeah	seek

right	end

yeah	seek

um	continue

well	seek

yeah	reinforce

right	seek

uh	continue

youknow	end

now	end

yes	seek

so	seek

huh	reinforce

yeah	end

youknow	end

yeah	seek

so	end

youknow	continue

yeah	reinforce

oh	reinforce

well	continue

uhhuh	reinforce

right	reinforce

yeah	seek

yeah	seek

yeah	reinforce

yeah	reinforce

okay	seek

right	seek

now	end

like	end

so	end

oh	reinforce

so	continue

see	continue

now	continue

uhhuh	reinforce

um	seek

yeah	reinforce

youknow	continue

yeah	reinforce

uhhuh	reinforce

yeah	reinforce

yeah	seek

uhhuh	reinforce

well	seek

uhhuh	reinforce

well	seek

true	end

right	reinforce

actually	end

right	continue

oh	seek

uh	continue

uhhuh	reinforce

yep	seek

thatstrue	seek

right	reinforce

yes	end

uhhuh	reinforce

sure	continue

uh	continue

yeah	continue

so	end

yeah	reinforce

uh	end

uh	continue

true	end

uhhuh	reinforce

uh	continue

right	end

yes	end

yeah	reinforce

uhhuh	continue

youknow	end

so	seek

uh	continue

see	continue

youknow	continue

yeah	reinforce

nice	end

yeah	end

uh	seek

uhhuh	seek

youknow	seek

uhhuh	reinforce

yeah	reinforce

uhhuh	reinforce

oh	seek

uhhuh	seek

youknow	end

well	seek

yousee	continue

okay	seek

youknow	end

thatstrue	end

youknow	continue

right	reinforce

yeah	reinforce

so	seek

uhhuh	seek

sure	seek

oh	seek

yeah	reinforce

so	continue

well	continue

nice	continue

youknow	end

uhhuh	reinforce

anyway	end

youknow	continue

so	continue

uhhuh	seek

well	end

well	continue

yeah	end

yeah	reinforce

now	seek

uh	continue

uhhuh	reinforce

so	seek

nice	end

uhhuh	reinforce

okay	seek

see	end

right	seek

um	end

like	continue

uhhuh	reinforce

uh	seek

yeah	continue

yeah	reinforce

uh	seek

now	seek

actually	end

youknow	end

uhhuh	reinforce

see	seek

so	continue

nice	continue

hm	seek

now	continue

like	continue

yeah	end

like	end

yeah	seek

huh	continue

say	continue

thatsright	end

so	seek

uh	continue

yeah	reinforce

uh	continue

oh	seek

huh	reinforce

uhhuh	seek

uhhuh	reinforce

youknow	continue

yeah	reinforce

right	seek

well	seek

yeah	end

so	seek

now	end

right	end

okay	seek

uh	continue

hm	seek

yeah	seek

so	seek

sure	end

uhhuh	reinforce

uhhuh	reinforce

yeah	end

uh	continue

oh	end

actually	continue

uh	continue

okay	seek

youknow	end

yeah	reinforce

youknow	end

uh	continue

oh	seek

youknow	end

um	continue

uhhuh	seek

like	continue

yeah	end

oh	seek

uhhuh	reinforce

yeah	seek

so	seek

youknow	end

uh	seek

uh	continue

youknow	end

anyway	continue

so	end

uh	end

yeah	reinforce

um	end

uhhuh	reinforce

sure	continue

yeah	seek

now	end

yeah	end

uhhuh	reinforce

uh	continue

well	seek

like	continue

well	seek

uh	continue

oh	end

nice	continue

uh	end

uhhuh	end

youknow	end

yeah	reinforce

say	continue

uh	continue

uhhuh	reinforce

uhhuh	reinforce

like	continue

thatstrue	end

huh	end

um	continue

yeah	seek

youknow	continue

well	seek

uhhuh	reinforce

yeah	reinforce

yeah	seek

yeah	seek

um	end

yeah	reinforce

oh	seek

yeah	seek

um	end

um	end

uhhuh	seek

okay	end

uhhuh	seek

uh	continue

yeah	reinforce

uhhuh	end

right	reinforce

so	seek

so	continue

uhhuh	reinforce

so	end

youknow	continue

like	continue

well	seek

um	seek

yes	reinforce

so	end

hum	reinforce

so	end

right	reinforce

right	reinforce

now	end

yeah	reinforce

like	continue

uhhuh	reinforce

yeah	seek

uhhuh	reinforce

oh	seek

yeah	reinforce

oh	seek

yeah	end

yeah	end

now	end

youknow	end

uhhuh	reinforce

yeah	seek

oh	seek

uhhuh	reinforce

yeah	reinforce

right	reinforce

well	seek

now	end

yeah	seek

uhhuh	end

see	seek

right	seek

youknow	end

yeah	continue

uhhuh	reinforce

yeah	seek

right	end

nice	continue

well	seek

um	continue

uhhuh	end

youknow	end

youknow	continue

um	continue

youknow	end

yes	reinforce

well	continue

yeah	reinforce

uhhuh	reinforce

oh	seek

yeah	seek

yes	end

uhhuh	end

well	continue

say	continue

yeah	reinforce

yeah	seek

uhhuh	reinforce

see	continue

um	continue

yeah	seek

yeah	reinforce

so	seek

youknow	continue

huhuh	end

yeah	end

actually	end

yeah	end

youknow	end

so	end

so	end

so	end

thatstrue	end

uhhuh	reinforce

yeah	end

uh	continue

now	end

like	continue

uhhuh	reinforce

well	seek

yeah	reinforce

uhhuh	reinforce

uh	continue

say	end

yeah	seek

see	end

uhhuh	reinforce

now	end

yeah	reinforce

uh	continue

thatstrue	end

uh	continue

um	continue

uh	end

right	reinforce

well	continue

yeah	seek

yeah	end

okay	end

so	continue

uhhuh	reinforce

right	end

oh	seek

yeah	end

like	continue

uh	continue

uhhuh	reinforce

right	end

so	end

now	seek

uhhuh	reinforce

yeah	reinforce

oh	reinforce

oh	seek

huh	end

uh	end

like	continue

thatstrue	end

yeah	continue

um	continue

uh	end

well	end

youknow	continue

youknow	end

uh	continue

so	end

uh	continue

yeah	seek

so	continue

well	seek

so	end

now	end

yeah	end

uhhuh	reinforce

now	end

uhhuh	reinforce

uh	continue

oh	seek

youknow	end

uhhuh	reinforce

uh	end

see	continue

uhhuh	seek

yeah	reinforce

cool	end

yeah	seek

yeah	seek

yeah	reinforce

now	end

sure	continue

oh	seek

uh	continue

yes	seek

oh	reinforce

oh	reinforce

now	end

like	continue

well	seek

yeah	seek

well	seek

oh	reinforce

yeah	reinforce

yeah	reinforce

uhhuh	reinforce

yeah	end

anyway	end

yeah	seek

yeah	seek

youknow	end

uh	continue

uh	continue

uh	seek

yeah	reinforce

youknow	continue

uhhuh	reinforce

uhhuh	reinforce

yeah	reinforce

uh	seek

well	continue

well	reinforce

oh	seek

youknow	end

youknow	end

yeah	seek

huh	end

yeah	seek

like	continue

yeah	end

yeah	reinforce

uhhuh	reinforce

yeah	end

um	continue

so	continue

oh	end

uhhuh	reinforce

uh	continue

yeah	seek

yes	seek

now	continue

um	continue

oh	seek

yeah	end

see	continue

yeah	continue

so	seek

sure	end

yeah	reinforce

uh	continue

uhhuh	reinforce

well	seek

yeah	reinforce

youknow	seek

um	reinforce

uhhuh	reinforce

uhhuh	seek

uhhuh	seek

uh	end

youknow	continue

yes	seek

youknow	end

so	seek

yeah	continue

sure	seek

sure	reinforce

uhhuh	reinforce

yeah	reinforce

sure	continue

um	continue

uhhuh	seek

youknow	end

like	continue

actually	seek

actually	continue

uh	continue

uh	continue

oh	reinforce

uhhuh	reinforce

yeah	seek

so	continue

so	seek

yeah	reinforce

like	continue

uhhuh	reinforce

so	end

well	seek

uh	end

yeah	reinforce

well	seek

so	continue

uhhuh	reinforce

youknow	continue

okay	reinforce

uh	continue

hum	seek

yeah	end

well	seek

uhhuh	reinforce

yeah	seek

now	continue

see	continue

yeah	seek

yeah	reinforce

right	end

um	continue

uhhuh	seek

uhhuh	reinforce

yeah	reinforce

so	continue

uhhuh	seek

uhhuh	reinforce

so	seek

oh	seek

right	reinforce

uhhuh	seek

yeah	seek

oh	seek

yeah	end

so	continue

uhhuh	reinforce

so	continue

youknow	continue

like	continue

hm	seek

um	reinforce

uh	continue

youknow	continue

uh	seek

like	continue

uhhuh	reinforce

yeah	seek

uh	seek

oh	seek

yeah	reinforce

um	end

yeah	seek

okay	reinforce

yes	reinforce

say	continue

um	continue

uh	continue

so	seek

yeah	seek

like	continue

oh	reinforce

right	reinforce

yeah	reinforce

yeah	reinforce

yeah	seek

thatsright	seek

uh	continue

youknow	continue

youknow	end

well	continue

uh	continue

uhhuh	reinforce

so	continue

yeah	end

yeah	reinforce

uh	continue

so	end

well	end

youknow	end

yeah	seek

right	reinforce

well	reinforce

uhhuh	end

uhhuh	seek

yeah	seek

uh	end

right	end

right	end

yeah	seek

yes	reinforce

uh	continue

yeah	end

well	seek

right	continue

yeah	reinforce

uh	continue

um	continue

so	seek

uh	end

uh	continue

oh	seek

uhhuh	reinforce

youknow	continue

uh	continue

like	end

um	continue

youknow	continue

uh	continue

oh	seek

yeah	reinforce

uhhuh	reinforce

oh	seek

say	continue

uh	continue

uh	continue

now	end

uhhuh	seek

um	continue

youknow	continue

so	end

uh	end

oh	reinforce

yes	seek

um	continue

youknow	continue

well	seek

youknow	continue

uh	continue

yeah	reinforce

yeah	reinforce

uh	continue

uhhuh	reinforce

uh	continue

uhhuh	end

uhhuh	reinforce

uhhuh	reinforce

uh	end

see	end

uh	end

uh	continue

yeah	seek

well	seek

oh	seek

uhhuh	reinforce

yeah	reinforce

youknow	continue

yeah	seek

youknow	end

yeah	continue

uhhuh	end

uhhuh	reinforce

uh	continue

true	end

uhhuh	reinforce

now	continue

right	reinforce

uhhuh	reinforce

um	continue

well	seek

thatsright	end

yeah	reinforce

youknow	continue

right	reinforce

say	end

youknow	continue

uhhuh	seek

uh	seek

oh	reinforce

now	end

so	end

uhhuh	reinforce

uh	continue

now	continue

youknow	seek

huh	end

oh	reinforce

yeah	end

oh	end

right	reinforce

uhhuh	reinforce

yes	end

now	end

um	seek

wow	end

uh	continue

wow	seek

yeah	end

uhhuh	reinforce

like	continue

yeah	end

youknow	end

well	seek

uh	continue

uh	continue

so	continue

youknow	end

so	end

yeah	reinforce

youknow	continue

oh	seek

oh	seek

uh	seek

uh	end

say	continue

youknow	continue

so	seek

oh	reinforce

yeah	end

see	reinforce

youknow	continue

yeah	continue

youknow	continue

right	end

uh	reinforce

uh	continue

uhhuh	reinforce

right	reinforce

uhhuh	end

so	seek

uh	end

oh	reinforce

uh	end

right	reinforce

um	end

now	end

right	continue

now	end

uhhuh	reinforce

right	reinforce

sure	continue

so	end

yeah	reinforce

youknow	end

right	reinforce

right	reinforce

right	seek

um	seek

so	continue

um	seek

yeah	seek

yes	seek

youknow	continue

wow	end

uh	end

oh	seek

so	continue

nice	end

yeah	reinforce

uhhuh	reinforce

oh	seek

okay	reinforce

uh	seek

yeah	seek

uhhuh	reinforce

uhhuh	continue

uhhuh	seek

yeah	reinforce

now	end

now	seek

yeah	end

youknow	end

uhhuh	reinforce

yeah	end

huh	seek

yousee	continue

well	end

like	continue

youknow	end

yeah	reinforce

yeah	seek

well	continue

uh	continue

right	end

like	continue

so	continue

huh	end

uh	continue

oh	reinforce

thatstrue	end

uhhuh	reinforce

yeah	reinforce

uhhuh	reinforce

anyway	end

like	continue

youknow	end

now	end

so	end

now	seek

like	continue

youknow	continue

so	seek

uhhuh	seek

uhhuh	reinforce

well	continue

well	seek

uh	seek

yeah	seek

uh	end

um	end

uh	end

see	continue

thatsright	continue

so	continue

uh	continue

so	end

sure	continue

yeah	reinforce

okay	end

uhhuh	reinforce

uhhuh	reinforce

youknow	end

oh	reinforce

yeah	seek

oh	reinforce

uhhuh	seek

uhhuh	reinforce

youknow	end

um	seek

hum	seek

well	end

so	end

so	seek

yeah	seek

uhhuh	reinforce

right	reinforce

wow	end

nice	end

um	end

oh	reinforce

youknow	continue

oh	reinforce

sure	end

right	continue

yeah	continue

youknow	continue

yeah	end

right	continue

like	continue

well	seek

oh	seek

yeah	end

uh	continue

uhhuh	reinforce

sure	end

so	continue

well	seek

yeah	seek

uhhuh	reinforce

now	continue

uhhuh	reinforce

oh	reinforce

yeah	seek

uhhuh	reinforce

right	seek

uhhuh	reinforce

youknow	continue

um	continue

yeah	seek

uhhuh	reinforce

youknow	end

yeah	continue

yeah	continue

uh	continue

uh	end

yeah	reinforce

like	continue

yeah	seek

youknow	end

yeah	end

yeah	reinforce

uhhuh	reinforce

so	end

oh	reinforce

uhhuh	reinforce

um	continue

uhhuh	reinforce

uhhuh	reinforce

so	continue

yeah	end

right	reinforce

so	end

uhhuh	end

youknow	continue

oh	continue

like	continue

yeah	reinforce

okay	reinforce

so	seek

wow	end

uh	end

thatsright	end

well	seek

oh	seek

like	continue

like	seek

uh	continue

uh	seek

see	reinforce

right	end

true	continue

uh	seek

well	seek

huh	end

uhhuh	seek

uhhuh	reinforce

so	seek

uhhuh	reinforce

yeah	reinforce

uhhuh	reinforce

say	continue

yeah	continue

sure	reinforce

yeah	seek

uhhuh	seek

thatstrue	end

yeah	seek

uhhuh	reinforce

yeah	seek

right	reinforce

so	seek

uh	end

oh	reinforce

youknow	end

sure	seek

oh	seek

right	reinforce

now	end

right	reinforce

well	seek

uhhuh	reinforce

yeah	end

right	reinforce

youknow	end

uh	continue

youknow	end

so	seek

uhhuh	reinforce

so	end

yeah	end

yep	end

uhhuh	reinforce

yeah	seek

so	seek

oh	seek

uh	continue

yeah	end

uh	seek

uhhuh	reinforce

uh	continue

yeah	seek

so	reinforce

uhhuh	reinforce

uh	continue

yeah	seek

hm	end

right	reinforce

well	continue

yeah	seek

oh	seek

uhhuh	reinforce

yeah	end

oh	reinforce

oh	seek

right	reinforce

so	end

like	continue

right	seek

yeah	end

oh	reinforce

yeah	seek

uh	continue

uhhuh	seek

uhhuh	reinforce

so	end

yeah	reinforce

right	end

uh	continue

now	end

well	seek

uhhuh	reinforce

yeah	reinforce

youknow	end

uhhuh	reinforce

uh	continue

like	continue

so	end

yeah	continue

yeah	seek

so	seek

youknow	continue

youknow	continue

now	continue

so	continue

like	end

uhhuh	reinforce

well	seek

uh	continue

yeah	reinforce

uhhuh	seek

uh	seek

so	end

cool	end

right	seek

uh	end

uhhuh	reinforce

so	continue

um	seek

uh	end

uh	continue

uhhuh	reinforce

well	continue

youknow	continue

um	continue

well	seek

youknow	seek

youknow	seek

yeah	reinforce

so	seek

youknow	continue

uhhuh	seek

uhhuh	reinforce

okay	seek

right	reinforce

uh	continue

uhhuh	reinforce

like	continue

uh	end

like	continue

right	reinforce

oh	reinforce

uh	continue

uhhuh	reinforce

so	seek

actually	continue

yes	seek

so	seek

like	continue

uhhuh	reinforce

yeah	reinforce

um	end

uh	continue

oh	reinforce

say	continue

well	seek

youknow	end

sure	continue

well	continue

youknow	end

uh	seek

yeah	seek

nice	end

uhhuh	reinforce

yeah	seek

yeah	reinforce

right	reinforce

yeah	reinforce

so	end

so	end

sure	continue

so	continue

youknow	end

okay	end

youknow	end

well	seek

youknow	end

youknow	continue

sure	continue

youknow	continue

yeah	seek

now	seek

uh	continue

oh	reinforce

well	continue

uhhuh	reinforce

right	reinforce

nice	continue

uh	end

youknow	end

uh	continue

yeah	reinforce

yeah	end

like	continue

yeah	reinforce

um	continue

right	end

yeah	reinforce

uhhuh	reinforce

uhhuh	reinforce

youknow	seek

so	end

oh	seek

so	continue

yeah	seek

huh	end

thatstrue	continue

well	continue

yeah	reinforce

youknow	end

right	end

youknow	end

uh	continue

uh	continue

youknow	end

so	seek

uhhuh	reinforce

yeah	seek

okay	seek

okay	end

well	seek

uh	continue

so	end

oh	seek

thatsright	seek

yes	seek

yeah	reinforce

like	end

thatsright	seek

well	seek

youknow	continue

uhhuh	reinforce

uhhuh	reinforce

uh	seek

right	end

youknow	continue

oh	reinforce

yeah	reinforce

yeah	seek

uhhuh	reinforce

uhhuh	reinforce

uhhuh	reinforce

um	continue

like	continue

yeah	seek

right	end

youknow	end

yeah	end

right	end

youknow	end

okay	continue

huh	end

um	end

yeah	end

right	seek

oh	reinforce

yeah	reinforce

oh	seek

right	reinforce

so	reinforce

yes	end

uhhuh	reinforce

sure	reinforce

yeah	seek

so	seek

youknow	end

uhhuh	reinforce

yeah	reinforce

uh	seek

uh	continue

right	reinforce

so	seek

youknow	seek

well	seek

uhhuh	reinforce

well	seek

oh	seek

youknow	end

okay	end

so	continue

okay	reinforce

uhhuh	reinforce

uhhuh	reinforce

sure	end

sure	seek

now	continue

so	continue

uh	seek

oh	reinforce

thatstrue	end

youknow	end

um	continue

uh	seek

youknow	continue

right	reinforce

uh	continue

youknow	seek

so	continue

thatsright	seek

nice	continue

true	end

uhhuh	reinforce

uh	continue

uh	continue

now	end

youknow	seek

uh	seek

yeah	seek

now	end

yeah	seek

youknow	end

say	continue

yeah	reinforce

yeah	reinforce

right	continue

oh	seek

yeah	seek

now	end

like	continue

right	end

youknow	end

so	end

uhhuh	reinforce

uh	continue

uhhuh	seek

now	continue

wow	end

yeah	seek

anyway	end

say	end

yeah	seek

uhhuh	reinforce

anyway	end

yes	end

uhhuh	seek

uh	continue

uhhuh	seek

um	end

right	continue

yeah	seek

now	seek

uhhuh	reinforce

uhhuh	reinforce

yeah	reinforce

huh	end

so	seek

oh	continue

okay	reinforce

uhhuh	reinforce

right	end

oh	reinforce

um	end

so	continue

uhhuh	reinforce

yeah	seek

yes	seek

youknow	end

right	continue

yeah	reinforce

uh	end

right	seek

sure	end

yeah	continue

uh	reinforce

sure	end

sure	reinforce

oh	seek

yeah	reinforce

right	reinforce

um	end

so	continue

actually	continue

anyway	end

uhhuh	reinforce

yeah	continue

youknow	end

yeah	continue

well	end

uh	continue

right	reinforce

uhhuh	reinforce

uh	end

so	seek

oh	reinforce

yeah	end

thatsright	seek

uhhuh	reinforce

now	continue

well	seek

uhhuh	seek

uhhuh	seek

youknow	continue

huh	reinforce

so	end

well	seek

so	end

uhhuh	reinforce

yeah	reinforce

uhhuh	reinforce

um	end

yeah	reinforce

well	seek

well	end

uh	continue

uh	continue

right	seek

uh	continue

yeah	reinforce

so	continue

uhhuh	reinforce

uhhuh	reinforce

well	seek

uhhuh	reinforce

huh	end

um	end

uh	continue

so	end

uhhuh	reinforce

right	end

uhhuh	reinforce

uh	continue

yeah	seek

say	continue

now	continue

um	end

yeah	seek

now	end

yeah	seek

oh	seek

like	continue

right	reinforce

uh	continue

uh	continue

yeah	reinforce

yeah	seek

so	end

oh	seek

well	seek

um	end

youknow	seek

so	continue

yeah	end

um	seek

yeah	seek

so	continue

say	end

uh	continue

uhhuh	reinforce

uhhuh	reinforce

uh	end

so	end

um	end

uh	continue

so	continue

huh	end

uhhuh	reinforce

youknow	continue

uhhuh	reinforce

so	continue

oh	seek

uhhuh	reinforce

well	seek

well	seek

well	continue

like	continue

so	continue

well	end

uh	end

uh	continue

thatstrue	seek

yeah	reinforce

youknow	continue

uh	end

yeah	reinforce

uhhuh	reinforce

youknow	end

yeah	reinforce

uh	continue

sure	continue

like	continue

uh	continue

like	continue

uh	seek

yousee	end

so	seek

uhhuh	reinforce

like	continue

uh	seek

like	continue

um	continue

uhhuh	reinforce

yeah	seek

right	reinforce

uh	continue

now	end

well	seek

nice	end

yes	end

so	end

um	continue

right	reinforce

uh	continue

yeah	reinforce

yeah	end

right	end

youknow	end

well	seek

uh	end

uhhuh	reinforce

um	continue

right	reinforce

well	seek

uh	continue

okay	seek

so	seek

uh	continue

oh	reinforce

uh	end

yeah	seek

wow	seek

so	end

youknow	continue

uh	continue

okay	seek

right	end

youknow	end

yeah	end

uhhuh	reinforce

yes	seek

actually	continue

uh	continue

right	end

uhhuh	reinforce

so	seek

uhhuh	reinforce

youknow	continue

so	continue

yeah	seek

yeah	end

uh	continue

um	continue

uh	continue

um	seek

uhhuh	seek

youknow	end

youknow	end

uhhuh	seek

youknow	continue

oh	seek

uh	end

right	end

well	end

sure	seek

now	seek

right	continue

so	seek

like	continue

um	end

youknow	end

yes	seek

yeah	end

like	continue

like	continue

right	end

uh	continue

yeah	reinforce

well	continue

thatstrue	end

youknow	continue

so	end

youknow	end

um	continue

yeah	reinforce

anyway	end

right	end

um	end

right	continue

yeah	seek

uh	continue

youknow	seek

well	seek

um	continue

youknow	continue

well	continue

sure	seek

nice	seek

now	end

well	continue

youknow	continue

yeah	reinforce

uh	end

uhhuh	reinforce

yeah	seek

right	end

uhhuh	reinforce

youknow	seek

yeah	end

oh	seek

so	end

youknow	end

anyway	continue

say	continue

hum	seek

yeah	seek

huh	end

youknow	continue

well	seek

well	seek

uh	continue

right	reinforce

now	end

right	reinforce

uhhuh	reinforce

youknow	continue

so	seek

right	end

like	end

oh	seek

youknow	continue

right	reinforce

yeah	seek

thatstrue	end

yeah	seek

youknow	continue

uhhuh	reinforce

yeah	seek

yeah	reinforce

oh	seek

say	end

uhhuh	reinforce

right	end

yes	continue

right	end

so	end

now	seek

yeah	reinforce

uh	continue

yeah	seek

now	end

true	continue

uh	continue

huh	end

uh	continue

well	seek

uh	end

right	continue

uhhuh	reinforce

well	continue

yeah	end

oh	reinforce

well	seek

right	reinforce

uhhuh	reinforce

right	end

now	end

uh	continue

uh	continue

um	seek

uh	continue

yeah	seek

youknow	seek

uhhuh	reinforce

uh	continue

um	end

huh	end

oh	reinforce

now	end

nice	end

youknow	end

yeah	seek

yeah	seek

actually	continue

like	continue

right	seek

youknow	end

oh	continue

youknow	continue

yeah	reinforce

youknow	end

now	end

actually	end

now	end

uhhuh	reinforce

now	continue

yeah	end

uh	continue

like	continue

um	end

oh	reinforce

like	continue

right	seek

uh	continue

yeah	seek

so	end

yeah	reinforce

uhhuh	reinforce

well	seek

yeah	end

yeah	reinforce

yeah	end

now	continue

um	end

oh	seek

uhhuh	reinforce

yeah	reinforce

well	seek

anyway	end

oh	seek

yeah	seek

well	end

youknow	end

well	seek

um	end

okay	continue

uh	reinforce

uh	continue

so	continue

okay	continue

uh	continue

see	continue

yeah	seek

right	reinforce

like	continue

uh	continue

oh	reinforce

uhhuh	reinforce

well	end

youknow	end

uhhuh	reinforce

youknow	continue

youknow	continue

thatsright	seek

see	end

uhhuh	reinforce

yeah	seek

yeah	end

like	continue

uh	continue

um	continue

oh	seek

uhhuh	reinforce

uh	continue

so	end

youknow	end

see	reinforce

sure	continue

right	continue

actually	continue

uhhuh	reinforce

yeah	seek

yeah	seek

now	seek

so	end

um	seek

now	continue

um	continue

now	end

oh	reinforce

sure	continue

yeah	reinforce

youknow	end

uhhuh	reinforce

well	seek

sure	end

so	end

yeah	seek

youknow	end

uhhuh	reinforce

wow	end

uh	continue

uhhuh	reinforce

um	continue

yeah	seek

well	seek

right	reinforce

uhhuh	reinforce

uhhuh	reinforce

youknow	seek

thatstrue	end

yeah	reinforce

um	end

youknow	continue

anyway	end

well	end

uhhuh	seek

huh	end

oh	reinforce

youknow	end

yeah	seek

uh	continue

uh	end

okay	seek

hm	seek

youknow	end

uh	continue

uhhuh	end

um	seek

yeah	reinforce

so	continue

well	seek

youknow	seek

sure	reinforce

so	continue

yeah	reinforce

uhhuh	reinforce

yeah	end

um	reinforce

uhhuh	reinforce

yeah	end

so	end

uhhuh	reinforce

well	seek

so	seek

nice	end

youknow	end

youknow	end

uh	continue

um	reinforce

yes	end

huh	end

uh	continue

yeah	reinforce

uhhuh	reinforce

yes	reinforce

uh	continue

right	seek

so	end

uhhuh	reinforce

so	end

uhhuh	reinforce

thatsright	reinforce

uh	continue

uh	continue

uhhuh	reinforce

yeah	reinforce

um	continue

thatstrue	seek

yeah	seek

thatstrue	end

yeah	seek

so	continue

like	continue

oh	seek

uh	continue

well	continue

uhhuh	reinforce

yes	seek

so	seek

yeah	seek

like	continue

yeah	reinforce

so	continue

uhhuh	reinforce

uh	end

youknow	continue

yeah	reinforce

yeah	reinforce

right	reinforce

well	continue

well	seek

hm	reinforce

see	reinforce

uhhuh	reinforce

well	seek

oh	reinforce

now	end

oh	seek

so	end

uh	continue

right	reinforce

uhhuh	reinforce

so	end

yep	end

uh	continue

uh	continue

um	continue

right	seek

yeah	reinforce

youknow	continue

well	seek

now	end

actually	end

yeah	seek

right	end

so	seek

yeah	end

well	continue

uhhuh	reinforce

uhhuh	reinforce

well	seek

okay	seek

now	continue

uh	continue

oh	seek

um	continue

well	end

nice	end

uhhuh	seek

uh	end

uhhuh	reinforce

yeah	reinforce

youknow	end

okay	reinforce

well	seek

yeah	reinforce

so	seek

now	continue

yeah	seek

uh	continue

huh	reinforce

thatsright	end

yeah	seek

uh	continue

uhhuh	reinforce

so	continue

uhhuh	reinforce

youknow	end

uh	continue

yeah	seek

yeah	seek

uh	continue

youknow	continue

hm	reinforce

uhhuh	reinforce

yeah	seek

now	end

now	end

yes	seek

so	continue

um	continue

now	continue

uh	continue

cool	end

huhuh	seek

yeah	end

so	continue

yeah	reinforce

yeah	seek

uhhuh	reinforce

yeah	seek

well	end

uh	end

right	reinforce

youknow	seek

sure	continue

yeah	seek

uhhuh	reinforce

uh	end

now	continue

now	end

oh	reinforce

uhhuh	reinforce

uhhuh	reinforce

yeah	seek

actually	seek

actually	end

uhhuh	seek

oh	reinforce

uhhuh	reinforce

uh	end

oh	reinforce

oh	reinforce

um	seek

well	end

youknow	continue

uhhuh	reinforce

well	seek

yeah	end

yeah	seek

uh	continue

true	end

uhhuh	reinforce

like	continue

uh	continue

okay	reinforce

youknow	end

true	seek

yes	reinforce

um	seek

uhhuh	reinforce

oh	reinforce

uh	continue

yeah	reinforce

youknow	end

oh	reinforce

well	seek

see	reinforce

well	seek

yeah	seek

yeah	seek

now	end

huhuh	end

well	continue

right	continue

uh	continue

uhhuh	reinforce

youknow	end

so	seek

um	continue

youknow	end

youknow	seek

yeah	reinforce

actually	continue

oh	reinforce

right	seek

uh	continue

so	continue

oh	reinforce

well	seek

now	end

uh	continue

uhhuh	reinforce

yeah	continue

so	seek

um	continue

yeah	reinforce

well	seek

uh	end

uhhuh	reinforce

uh	continue

yeah	end

uh	continue

now	end

uhhuh	reinforce

uhhuh	reinforce

oh	reinforce

well	seek

uh	seek

nice	seek

oh	reinforce

okay	reinforce

true	continue

like	continue

well	end

youknow	end

right	seek

yeah	seek

so	continue

uhhuh	reinforce

uh	continue

oh	reinforce

youknow	continue

anyway	continue

youknow	continue

oh	reinforce

like	continue

uh	continue

okay	end

now	end

youknow	continue

yeah	continue

uhhuh	reinforce

uh	continue

now	end

right	reinforce

well	seek

yeah	seek

yeah	seek

so	end

now	end

now	continue

yes	end

well	reinforce

youknow	continue

so	seek

thatstrue	seek

uhhuh	end

anyways	end

like	continue

say	continue

yeah	seek

uhhuh	reinforce

uhhuh	seek

sure	continue

youknow	reinforce

uh	end

uh	end

um	reinforce

now	end

um	end

yeah	end

uhhuh	reinforce

yeah	seek

well	continue

uhhuh	reinforce

yeah	reinforce

yeah	reinforce

youknow	end

sure	reinforce

youknow	continue

um	seek

youknow	continue

right	end

right	end

right	continue

yeah	end

yeah	continue

uh	continue

uhhuh	reinforce

uh	seek

right	continue

yeah	reinforce

right	seek

uhhuh	reinforce

yeah	reinforce

yeah	reinforce

now	end

yeah	reinforce

uhhuh	seek

yeah	reinforce

yeah	seek

okay	seek

um	continue

yeah	reinforce

uhhuh	seek

yeah	seek

uhhuh	reinforce

right	end

yeah	reinforce

like	end

uhhuh	reinforce

oh	reinforce

uhhuh	reinforce

uhhuh	reinforce

so	end

sure	reinforce

so	end

oh	seek

youknow	continue

uh	continue

uhhuh	reinforce

uh	end

well	seek

uh	end

uh	seek

uhhuh	reinforce

um	reinforce

say	continue

right	seek

like	continue

yeah	seek

right	end

yeah	reinforce

hum	reinforce

so	end

youknow	continue

um	end

okay	reinforce

now	continue

oh	continue

so	seek

yeah	reinforce

okay	reinforce

so	end

uh	continue

uh	continue

see	continue

so	continue

uh	continue

yeah	end

yeah	seek

yeah	seek

yeah	reinforce

uhhuh	reinforce

well	seek

yeah	end

say	continue

right	end

uhhuh	seek

youknow	continue

um	continue

right	seek

right	reinforce

yeah	seek

youknow	continue

well	continue

yeah	end

so	continue

um	end

sure	reinforce

like	continue

youknow	continue

right	end

yeah	end

uh	end

youknow	seek

thatsright	reinforce

so	seek

thatstrue	end

right	end

thatsright	end

youknow	continue

uh	end

yeah	reinforce

well	continue

uhhuh	reinforce

thatsright	seek

uhhuh	reinforce

um	seek

uhhuh	reinforce

see	end

uhhuh	reinforce

youknow	continue

now	end

yeah	seek

well	end

okay	seek

okay	reinforce

so	end

um	continue

um	seek

so	end

so	end

now	seek

well	seek

yeah	seek

like	continue

now	continue

youknow	end

youknow	continue

uhhuh	reinforce

well	continue

like	continue

uhhuh	reinforce

so	continue

uhhuh	reinforce

okay	end

uh	end

uhhuh	reinforce

yeah	reinforce

right	end

like	continue

uhhuh	reinforce

uh	end

uh	continue

oh	seek

oh	reinforce

so	end

sure	end

oh	seek

youknow	continue

nice	end

uhhuh	reinforce

uhhuh	seek

yeah	reinforce

youknow	seek

uh	continue

um	reinforce

um	seek

um	continue

youknow	end

say	continue

uh	end

well	seek

uh	continue

yeah	reinforce

sure	end

well	seek

uhhuh	reinforce

um	reinforce

yeah	continue

yeah	seek

well	seek

yeah	reinforce

oh	reinforce

right	reinforce

um	seek

uhhuh	reinforce

uhhuh	reinforce

thatstrue	end

um	end

right	end

um	continue

youknow	seek

uh	continue

yeah	seek

right	reinforce

sure	end

um	end

so	end

well	seek

okay	reinforce

now	continue

oh	seek

uh	end

uh	continue

uhhuh	reinforce

yeah	seek

uhhuh	reinforce

yeah	reinforce

um	continue

so	end

uhhuh	reinforce

right	end

actually	continue

right	reinforce

um	continue

well	end

yes	continue

youknow	end

yeah	end

like	continue

youknow	end

see	end

like	continue

yeah	reinforce

so	reinforce

right	reinforce

so	end

well	continue

uh	continue

actually	continue

yeah	reinforce

thatstrue	end

yeah	seek

yeah	reinforce

um	end

yeah	seek

uh	continue

youknow	continue

like	end

thatstrue	seek

yeah	reinforce

uhhuh	reinforce

thatsright	end

youknow	continue

right	reinforce

youknow	end

so	continue

say	continue

right	end

youknow	continue

yes	end

uh	continue

well	seek

well	seek

cool	end

well	seek

well	continue

thatsright	end

sure	end

yeah	reinforce

um	end

like	continue

uh	continue

uh	continue

true	end

um	continue

yeah	end

youknow	continue

yeah	reinforce

uh	continue

oh	reinforce

right	reinforce

uhhuh	reinforce

now	continue

okay	reinforce

now	continue

right	reinforce

yeah	seek

yeah	seek

hum	continue

uh	continue

well	seek

so	continue

uhhuh	reinforce

now	end

sure	end

well	seek

youknow	seek

okay	reinforce

uhhuh	reinforce

yeah	reinforce

uhhuh	reinforce

actually	continue

yeah	end

like	continue

see	end

uhhuh	seek

thatsright	end

nice	end

like	continue

yeah	seek

yeah	end

okay	seek

uh	end

yes	seek

say	continue

uhhuh	end

oh	reinforce

right	end

now	end

uh	continue

right	continue

sure	continue

uh	continue

um	end

uhhuh	reinforce

huh	end

um	continue

uhhuh	reinforce

say	end

um	continue

yeah	end

like	end

yeah	reinforce

thatstrue	seek

youknow	end

right	seek

like	end

uhhuh	reinforce

wow	end

youknow	end

uhhuh	reinforce

now	end

uh	continue

right	reinforce

yeah	reinforce

uh	seek

oh	reinforce

oh	seek

uh	continue

anyway	continue

youknow	end

yeah	reinforce

youknow	end

uh	end

um	reinforce

youknow	continue

um	seek

well	seek

um	continue

uh	continue

nice	end

um	continue

um	continue

see	end

youknow	end

see	end

hm	end

oh	end

so	continue

right	continue

well	seek

yeah	end

yeah	reinforce

thatsright	continue

yeah	seek

uhhuh	reinforce

uhhuh	reinforce

yeah	continue

oh	seek

so	seek

yeah	reinforce

nice	end

oh	reinforce

youknow	continue

uhhuh	reinforce

uhhuh	reinforce

right	reinforce

um	continue

so	seek

okay	seek

huh	end

yes	reinforce

well	seek

well	seek

um	end

um	reinforce

yeah	seek

uhhuh	reinforce

uh	end

huh	end

well	seek

uhhuh	seek

right	reinforce

right	end

oh	seek

yeah	end

so	end

youknow	continue

um	reinforce

so	continue

yeah	end

yeah	seek

yeah	seek

youknow	end

youknow	continue

um	seek

uhhuh	reinforce

now	continue

uhhuh	reinforce

so	end

oh	seek

uh	continue

yeah	seek

oh	seek

actually	continue

yeah	seek

see	continue

uhhuh	reinforce

oh	seek

so	seek

oh	reinforce

uhhuh	reinforce

yeah	reinforce

um	continue

yeah	seek

right	end

well	seek

uh	continue

uhhuh	reinforce

uh	continue

huh	end

oh	reinforce

youknow	continue

huh	reinforce

uh	end

yeah	seek

uhhuh	reinforce

yeah	seek

nice	seek

youknow	end

uhhuh	reinforce

well	end

okay	seek

yes	seek

uhhuh	reinforce

okay	continue

now	end

well	seek

uhhuh	continue

like	continue

well	end

yeah	seek

yeah	reinforce

like	continue

so	continue

yeah	seek

um	end

like	end

uh	continue

uh	continue

now	end

oh	seek

uh	continue

uh	end

yeah	reinforce

youknow	end

right	end

yeah	reinforce

huh	end

uh	continue

uhhuh	reinforce

well	seek

uhhuh	reinforce

uh	reinforce

yeah	reinforce

like	continue

uh	end

so	end

uhhuh	reinforce

uhhuh	reinforce

now	end

uh	end

yeah	seek

nice	end

yeah	reinforce

yeah	seek

yeah	seek

yes	seek

well	continue

youknow	end

so	continue

yeah	reinforce

uhhuh	reinforce

uh	end

yep	end

uhhuh	reinforce

actually	end

uh	end

yeah	seek

uhhuh	reinforce

um	end

um	end

yeah	seek

youknow	continue

uh	continue

so	end

youknow	end

uhhuh	reinforce

see	reinforce

uhhuh	reinforce

um	continue

youknow	end

cool	end

uh	continue

uhhuh	reinforce

see	reinforce

now	end

uh	continue

right	continue

uhhuh	reinforce

yeah	continue

uhhuh	reinforce

oh	seek

uhhuh	reinforce

actually	end

uh	continue

uhhuh	reinforce

youknow	continue

uhhuh	reinforce

yeah	reinforce

youknow	continue

so	seek

yeah	continue

yeah	reinforce

now	end

so	seek

well	continue

so	seek

yeah	reinforce

yes	reinforce

uhhuh	reinforce

yeah	seek

huh	end

uhhuh	reinforce

well	seek

well	continue

so	seek

uhhuh	end

now	continue

youknow	seek

uhhuh	reinforce

uhhuh	reinforce

uh	continue

uh	continue

oh	seek

uh	end

yeah	reinforce

well	seek

uhhuh	seek

uh	continue

wow	end

well	seek

um	continue

uhhuh	reinforce

now	continue

uhhuh	reinforce

wow	end

hm	seek

right	end

uh	seek

so	continue

um	reinforce

well	continue

youknow	end

sure	end

uh	continue

like	continue

um	continue

yeah	reinforce

see	continue

uh	continue

right	reinforce

like	continue

youknow	continue

uh	end

oh	seek

thatsright	seek

well	end

yeah	end

huh	end

uh	end

uh	continue

youknow	continue

thatsright	seek

okay	reinforce

yeah	reinforce

uhhuh	reinforce

yeah	seek

yeah	reinforce

uh	continue

yeah	reinforce

youknow	continue

yeah	reinforce

uhhuh	reinforce

right	reinforce

now	continue

like	end

yeah	end

uh	continue

see	continue

yeah	seek

huh	reinforce

thatsright	seek

uh	continue

oh	seek

so	continue

well	seek

uh	end

yeah	continue

uh	continue

yeah	reinforce

yes	seek

well	continue

um	seek

uhhuh	reinforce

oh	continue

youknow	end

well	seek

like	continue

yeah	reinforce

uh	end

yeah	reinforce

hm	seek

um	end

okay	reinforce

yeah	end

well	seek

yeah	end

right	seek

uhhuh	reinforce

yeah	reinforce

yeah	seek

like	continue

uhhuh	reinforce

wow	end

yeah	continue

sure	end

oh	reinforce

uhhuh	reinforce

huh	end

nice	continue

youknow	end

uh	end

yes	end

yeah	continue

see	continue

huhuh	end

oh	seek

uhhuh	reinforce

uhhuh	reinforce

so	continue

oh	reinforce

see	continue

actually	end

youknow	continue

so	continue

yeah	seek

yes	end

uh	continue

uhhuh	reinforce

youknow	seek

huh	end

uhhuh	reinforce

uh	continue

oh	seek

so	end

oh	seek

oh	continue

sure	continue

right	reinforce

yeah	continue

youknow	end

yeah	reinforce

youknow	end

yeah	seek

yeah	seek

oh	reinforce

uhhuh	reinforce

um	continue

yeah	seek

uhhuh	end

so	end

uhhuh	reinforce

uhhuh	reinforce

so	continue

see	reinforce

uhhuh	reinforce

yes	seek

well	continue

youknow	continue

uh	seek

thatsright	end

youknow	end

so	seek

oh	seek

uhhuh	reinforce

now	end

uhhuh	seek

actually	end

okay	end

yeah	seek

yeah	reinforce

yeah	seek

yeah	reinforce

youknow	continue

anyway	end

so	seek

oh	seek

right	end

oh	reinforce

youknow	seek

uh	continue

yeah	seek

right	reinforce

youknow	continue

oh	seek

right	reinforce

well	continue

okay	continue

uh	continue

yeah	reinforce

anyway	end

well	end

uhhuh	reinforce

yeah	continue

uhhuh	reinforce

now	continue

yeah	seek

like	seek

thatsright	reinforce

like	continue

youknow	continue

say	continue

uh	continue

uh	continue

well	continue

yeah	seek

oh	seek

youknow	continue

yeah	seek

uh	continue

sure	end

um	continue

okay	reinforce

yeah	reinforce

okay	reinforce

say	continue

yeah	seek

uh	end

like	continue

oh	continue

oh	reinforce

youknow	seek

youknow	continue

youknow	end

yeah	seek

youknow	end

so	seek

youknow	continue

um	continue

uh	continue

say	continue

uh	continue

oh	reinforce

oh	seek

like	continue

yes	seek

like	seek

uh	continue

uh	end

uh	seek

yeah	reinforce

see	continue

um	end

so	end

so	end

uh	end

oh	reinforce

yeah	seek

yes	seek

sure	end

thatstrue	end

so	end

oh	reinforce

uhhuh	reinforce

oh	seek

yeah	seek

uhhuh	reinforce

yeah	seek

right	end

right	reinforce

uh	continue

yeah	end

oh	seek

youknow	continue

so	seek

uh	continue

thatsright	continue

so	seek

youknow	end

uh	continue

yeah	seek

youknow	end

uhhuh	reinforce

uh	continue

yeah	seek

so	seek

yeah	reinforce

well	seek

yeah	reinforce

okay	seek

thatsright	end

so	seek

well	continue

wow	end

oh	seek

youknow	continue

uh	continue

youknow	continue

well	continue

right	end

yeah	seek

youknow	continue

oh	reinforce

um	end

right	reinforce

yes	reinforce

yeah	continue

uh	continue

yeah	seek

yeah	reinforce

uh	end

well	seek

so	seek

so	continue

so	continue

um	continue

uh	end

well	seek

uhhuh	reinforce

like	end

yeah	reinforce

well	seek

uhhuh	seek

uh	continue

so	end

yeah	end

oh	seek

yeah	seek

oh	seek

youknow	end

so	continue

uh	continue

uhhuh	seek

yeah	reinforce

thatsright	end

yeah	continue

um	seek

right	end

yeah	seek

yeah	reinforce

yeah	end

yeah	seek

yes	end

uh	continue

uhhuh	reinforce

oh	reinforce

right	reinforce

right	reinforce

uh	end

youknow	end

so	continue

yes	seek

yeah	end

uh	end

like	continue

youknow	end

oh	reinforce

see	continue

um	continue

uh	end

um	end

yeah	seek

oh	seek

so	end

uhhuh	reinforce

well	continue

thatsright	continue

uhhuh	reinforce

yeah	end

yes	end

oh	reinforce

okay	seek

well	seek

nice	continue

actually	end

so	continue

uh	continue

now	end

yeah	end

well	seek

um	end

right	continue

yeah	seek

oh	seek

um	seek

huh	end

uhhuh	seek

uh	continue

okay	reinforce

uhhuh	reinforce

uh	end

oh	reinforce

uhhuh	reinforce

thatstrue	end

yeah	end

yes	end

so	continue

so	continue

uh	end

so	seek

now	end

yeah	seek

yeah	reinforce

youknow	continue

oh	seek

thatsright	seek

youknow	continue

so	seek

so	seek

okay	continue

uhhuh	reinforce

yeah	seek

wow	continue

uhhuh	reinforce

yeah	reinforce

yeah	reinforce

right	reinforce

uh	end

yeah	seek

uhhuh	reinforce

see	continue

so	end

actually	continue

thatsright	seek

so	seek

youknow	continue

youknow	end

okay	end

huh	end

okay	end

oh	seek

oh	seek

so	end

uhhuh	seek

yeah	reinforce

huhuh	end

yeah	seek

uhhuh	reinforce

yeah	reinforce

oh	reinforce

yeah	reinforce

yeah	seek

youknow	seek

so	continue

uh	end

uhhuh	reinforce

actually	continue

um	end

uhhuh	reinforce

thatsright	seek

uhhuh	reinforce

yeah	reinforce

yeah	reinforce

uh	seek

yeah	seek

um	seek

uh	continue

like	continue

well	seek

uh	end

yeah	seek

like	end

um	end

right	reinforce

sure	end

um	seek

uhhuh	reinforce

youknow	end

oh	seek

uhhuh	reinforce

uhhuh	reinforce

so	seek

uhhuh	reinforce

uhhuh	end

uhhuh	reinforce

yeah	seek

uhhuh	reinforce

so	seek

well	continue

anyway	continue

uh	continue

oh	reinforce

uhhuh	reinforce

uhhuh	reinforce

right	end

uhhuh	reinforce

so	continue

anyway	continue

yes	end

uh	end

hm	reinforce

now	continue

hm	seek

um	continue

so	end

uh	continue

um	continue

sure	end

yeah	reinforce

um	seek

yeah	seek

right	seek

yeah	seek

now	end

uhhuh	reinforce

yeah	seek

youknow	continue

yes	reinforce

uh	end

yeah	reinforce

well	continue

yeah	reinforce

now	end

oh	reinforce

thatstrue	end

um	reinforce

youknow	end

oh	seek

huh	end

youknow	continue

youknow	continue

youknow	continue

now	continue

okay	end

right	continue

sure	continue

yeah	seek

yeah	end

right	reinforce

yeah	continue

well	seek

youknow	continue

uhhuh	reinforce

actually	end

so	seek

oh	seek

uhhuh	reinforce

so	end

well	continue

uh	seek

see	end

so	seek

yes	reinforce

like	continue

um	seek

uh	continue

now	continue

so	continue

wow	end

uhhuh	seek

right	reinforce

um	reinforce

youknow	end

yeah	seek

so	end

youknow	end

yeah	seek

huh	reinforce

youknow	continue

now	continue

so	seek

so	end

yes	continue

like	continue

yes	seek

so	end

youknow	end

yeah	seek

uhhuh	reinforce

yeah	seek

oh	reinforce

well	seek

youknow	continue

right	reinforce

so	end

right	reinforce

well	seek

well	seek

well	continue

so	continue

youknow	end

well	seek

um	continue

um	reinforce

wow	reinforce

now	continue

thatstrue	end

huh	end

hm	seek

uhhuh	reinforce

so	seek

so	continue

youknow	seek

yeah	continue

right	end

youknow	end

yeah	seek

so	end

uhhuh	reinforce

yeah	end

right	end

okay	seek

like	end

oh	seek

so	end

yeah	seek

anyway	end

yeah	seek

okay	seek

uh	end

youknow	continue

so	seek

uh	end

youknow	continue

uhhuh	reinforce

now	end

like	continue

yeah	seek

nice	end

so	seek

wow	end

youknow	seek

so	continue

uh	end

oh	seek

oh	reinforce

see	reinforce

okay	end

um	continue

say	continue

right	continue

youknow	continue

okay	end

uhhuh	reinforce

so	end

right	continue

yeah	reinforce

uhhuh	reinforce

like	continue

like	continue

see	reinforce

right	end

youknow	seek

yeah	reinforce

yeah	reinforce

so	end

youknow	end

youknow	seek

so	seek

youknow	end

well	seek

oh	seek

like	continue

um	seek

uh	end

youknow	continue

true	end

so	end

yeah	seek

anyway	end

right	seek

right	end

yeah	seek

yeah	reinforce

uhhuh	seek

thatstrue	end

youknow	end

uhhuh	reinforce

um	end

now	end

yeah	reinforce

yeah	seek

right	continue

um	continue

oh	reinforce

uhhuh	reinforce

yeah	reinforce

youknow	end

oh	seek

sure	continue

right	seek

right	reinforce

um	continue

um	seek

right	continue

oh	reinforce

youknow	reinforce

so	continue

oh	reinforce

yeah	reinforce

yeah	end

right	reinforce

say	end

oh	seek

thatsright	seek

oh	reinforce

well	continue

yeah	reinforce

uhhuh	reinforce

yeah	seek

right	seek

yeah	end

yeah	reinforce

yeah	end

youknow	continue

yeah	reinforce

thatstrue	end

uh	end

yeah	seek

like	continue

uh	continue

yeah	end

well	end

now	end

youknow	continue

yeah	reinforce

now	continue

um	continue

oh	seek

yeah	reinforce

um	seek

uhhuh	reinforce

uh	continue

uh	reinforce

now	end

youknow	continue

yes	reinforce

yeah	reinforce

so	continue

now	continue

nice	continue

uhhuh	reinforce

right	reinforce

youknow	continue

sure	seek

yeah	end

uh	continue

now	continue

uh	end

well	seek

oh	reinforce

uhhuh	reinforce

thatstrue	end

uh	continue

right	seek

youknow	continue

right	seek

uh	continue

uhhuh	reinforce

yeah	seek

um	continue

um	continue

um	seek

yeah	reinforce

uhhuh	reinforce

youknow	seek

uh	end

uh	continue

uh	continue

so	end

so	end

uhhuh	reinforce

yes	seek

uh	end

uhhuh	reinforce

um	seek

oh	seek

well	seek

yes	end

wow	end

thatsright	end

youknow	end

right	continue

uhhuh	reinforce

thatstrue	end

so	continue

like	continue

right	seek

hm	seek

uh	continue

thatsright	continue

youknow	seek

yeah	reinforce

well	seek

um	continue

yeah	reinforce

uhhuh	reinforce

well	seek

uh	seek

uhhuh	reinforce

right	end

um	end

yes	continue

yeah	reinforce

uhhuh	continue

yeah	seek

uh	continue

actually	continue

yeah	seek

uh	continue

yeah	seek

so	seek

um	continue

uhhuh	seek

right	reinforce

say	end

uhhuh	reinforce

so	seek

uh	seek

uh	reinforce

so	seek

oh	seek

well	seek

well	seek

yeah	reinforce

yeah	seek

uhhuh	reinforce

yeah	end

so	continue

oh	reinforce

well	end

now	end

now	continue

youknow	continue

youknow	continue

see	end

uhhuh	reinforce

so	continue

um	continue

right	end

okay	seek

so	seek

so	seek

right	seek

so	end

youknow	seek

nice	end

right	reinforce

yeah	end

yeah	end

youknow	continue

uh	continue

uh	continue

youknow	continue

like	continue

thatstrue	end

uh	seek

nice	end

say	continue

now	end

youknow	end

well	continue

so	end

um	end

okay	end

well	end

oh	reinforce

yeah	end

uh	end

uh	end

uh	end

uh	continue

uhhuh	reinforce

uh	continue

youknow	end

yeah	reinforce

uhhuh	reinforce

yeah	reinforce

uhhuh	reinforce

youknow	end

sure	continue

yeah	seek

nice	end

yeah	reinforce

uh	continue

uhhuh	reinforce

uhhuh	seek

yes	continue

thatstrue	seek

see	continue

right	reinforce

okay	seek

oh	reinforce

um	seek

uhhuh	reinforce

well	seek

yes	seek

yeah	end

oh	reinforce

uh	continue

thatsright	seek

oh	seek

yeah	seek

hm	seek

um	end

uhhuh	reinforce

uhhuh	reinforce

like	continue

uh	continue

so	end

uh	end

um	end

oh	seek

yeah	reinforce

uh	continue

yeah	end

uh	continue

see	continue

like	continue

yeah	reinforce

yeah	reinforce

yeah	end

uh	continue

uhhuh	reinforce

oh	continue

well	continue

like	end

uh	continue

like	continue

uh	end

nice	continue

like	continue

like	continue

yeah	seek

yeah	seek

well	end

uhhuh	reinforce

um	end

right	reinforce

right	end

uh	continue

yeah	reinforce

uh	continue

uhhuh	reinforce

well	seek

uhhuh	reinforce

uhhuh	reinforce

yeah	reinforce

yeah	reinforce

so	seek

now	seek

yeah	end

yeah	reinforce

right	reinforce

huh	end

uhhuh	end

uh	end

uh	continue

yeah	seek

youknow	seek

nice	end

so	continue

um	end

yeah	seek

oh	seek

now	end

well	seek

yeah	end

uh	end

uh	seek

uhhuh	reinforce

youknow	end

uh	seek

um	seek

so	continue

see	continue

uhhuh	reinforce

so	end

thatsright	seek

okay	seek

youknow	end

uhhuh	reinforce

yes	reinforce

uh	reinforce

uhhuh	reinforce

so	continue

yeah	reinforce

well	seek

uh	continue

right	end

uhhuh	reinforce

like	end

yeah	continue

youknow	reinforce

so	continue

uhhuh	reinforce

yeah	seek

uhhuh	reinforce

yeah	reinforce

youknow	continue

right	seek

youknow	continue

oh	continue

so	seek

right	end

youknow	continue

uh	end

uh	continue

so	seek

uhhuh	reinforce

um	end

youknow	continue

um	seek

so	end

like	continue

well	continue

youknow	continue

uhhuh	reinforce

uhhuh	continue

uhhuh	reinforce

yeah	seek

uhhuh	reinforce

yeah	seek

youknow	end

nice	continue

oh	seek

um	seek

now	end

uhhuh	reinforce

now	end

youknow	continue

nice	continue

yeah	reinforce

like	continue

youknow	continue

uhhuh	reinforce

uh	end

uhhuh	reinforce

yeah	reinforce

sure	end

yeah	seek

okay	end

yes	seek

yeah	reinforce

so	continue

so	seek

right	seek

thatsright	seek

actually	continue

nice	end

well	end

youknow	continue

so	seek

yeah	seek

right	reinforce

yeah	reinforce

well	seek

uh	end

oh	reinforce

oh	end

now	end

uhhuh	reinforce

youknow	end

uhhuh	reinforce

uh	continue

uh	seek

uh	seek

oh	seek

okay	reinforce

nice	continue

uh	continue

now	end

um	seek

youknow	end

oh	seek

yeah	seek

now	end

yeah	reinforce

now	end

yeah	seek

thatstrue	seek

uh	end

oh	seek

right	reinforce

youknow	continue

uhhuh	end

yeah	seek

right	reinforce

yes	seek

actually	continue

right	end

hum	reinforce

oh	reinforce

uh	end

uhhuh	reinforce

uhhuh	reinforce

uh	end

uhhuh	reinforce

well	seek

um	reinforce

um	end

see	continue

yeah	seek

thatsright	seek

youknow	end

uh	end

oh	seek

uh	continue

okay	reinforce

uhhuh	reinforce

yeah	seek

well	continue

right	reinforce

oh	seek

oh	reinforce

youknow	continue

well	seek

well	end

uhhuh	reinforce

yes	reinforce

uhhuh	reinforce

see	continue

so	end

yeah	end

hm	seek

yep	end

so	seek

uhhuh	reinforce

uh	continue

yeah	reinforce

now	end

uhhuh	reinforce

youknow	continue

well	seek

uhhuh	seek

so	end

thatstrue	end

yeah	reinforce

uhhuh	reinforce

yeah	continue

youknow	end

so	seek

uhhuh	reinforce

huh	reinforce

so	continue

youknow	continue

like	continue

youknow	end

uhhuh	reinforce

okay	seek

yeah	seek

yeah	seek

yeah	seek

okay	seek

youknow	end

yes	reinforce

so	continue

uhhuh	seek

okay	reinforce

uh	seek

youknow	end

uh	continue

oh	seek

actually	continue

well	seek

yeah	reinforce

uhhuh	reinforce

youknow	continue

yeah	seek

yeah	reinforce

yeah	end

sure	seek

um	continue

um	seek

sure	continue

yeah	end

youknow	continue

yeah	end

yeah	continue

yeah	end

yeah	end

yeah	seek

yeah	reinforce

so	seek

so	end

uh	continue

so	seek

uh	continue

youknow	end

yeah	seek

uhhuh	reinforce

so	continue

yeah	seek

yes	seek

oh	seek

youknow	continue

youknow	continue

youknow	end

uh	seek

right	seek

yeah	continue

oh	seek

oh	continue

uh	end

um	seek

oh	seek

uhhuh	reinforce

uh	end

oh	reinforce

hum	seek

now	continue

right	seek

yes	end

oh	seek

uh	seek

yeah	continue

yeah	seek

yep	end

so	seek

uhhuh	seek

well	seek

so	end

yeah	end

uhhuh	reinforce

well	seek

right	seek

youknow	end

youknow	end

now	end

uh	continue

yeah	reinforce

um	continue

um	seek

yeah	reinforce

um	end

uhhuh	reinforce

well	seek

yeah	reinforce

like	continue

um	continue

yeah	reinforce

yeah	seek

yeah	reinforce

uh	end

so	seek

yeah	seek

uh	continue

like	continue

uhhuh	reinforce

uhhuh	reinforce

so	continue

uhhuh	reinforce

yeah	reinforce

like	continue

uhhuh	reinforce

uhhuh	reinforce

thatsright	end

uhhuh	reinforce

now	end

youknow	continue

well	seek

okay	continue

say	continue

see	continue

right	end

uhhuh	reinforce

youknow	continue

yeah	seek

thatstrue	end

yeah	reinforce

uh	end

well	end

uhhuh	continue

huhuh	end

well	seek

youknow	seek

um	end

uhhuh	reinforce

uhhuh	reinforce

uh	seek

right	seek

hm	seek

youknow	end

uhhuh	reinforce

right	reinforce

actually	end

right	reinforce

okay	reinforce

uh	end

yeah	reinforce

right	reinforce

yeah	reinforce

oh	seek

now	end

see	reinforce

nice	end

right	seek

uhhuh	seek

now	continue

sure	seek

uh	end

now	end

uh	end

youknow	seek

uhhuh	reinforce

oh	reinforce

okay	reinforce

youknow	continue

like	continue

youknow	end

uh	end

yes	reinforce

uhhuh	reinforce

well	seek

yeah	reinforce

uhhuh	reinforce

now	continue

youknow	continue

yeah	end

well	continue

like	end

uh	continue

uhhuh	reinforce

uhhuh	end

right	end

right	seek

like	continue

yeah	reinforce

yeah	seek

oh	seek

youknow	continue

see	continue

youknow	end

uhhuh	reinforce

okay	seek

uh	continue

uh	end

well	seek

yeah	reinforce

well	seek

now	continue

uhhuh	reinforce

um	seek

so	end

well	seek

yeah	reinforce

like	continue

uh	end

yeah	reinforce

uhhuh	reinforce

yeah	reinforce

like	continue

uh	continue

uhhuh	reinforce

yeah	end

see	reinforce

youknow	end

uhhuh	reinforce

well	seek

uhhuh	reinforce

uh	end

like	continue

youknow	end

right	reinforce

so	continue

well	seek

well	continue

yeah	seek

nice	continue

uh	continue

uhhuh	reinforce

uhhuh	reinforce

yeah	seek

uh	continue

uhhuh	reinforce

right	end

uhhuh	reinforce

okay	reinforce

youknow	end

see	reinforce

yeah	seek

uh	seek

uh	continue

so	continue

so	continue

uh	continue

okay	reinforce

uh	continue

um	end

yes	seek

oh	seek

youknow	continue

like	continue

well	seek

wow	seek

so	continue

uh	continue

okay	continue

yeah	seek

well	seek

yeah	reinforce

uhhuh	reinforce

yeah	reinforce

yes	reinforce

uhhuh	reinforce

uh	seek

anyway	seek

yeah	reinforce

yeah	end

well	seek

yes	end

yeah	end

yeah	reinforce

right	end

well	end

right	reinforce

so	continue

see	continue

oh	reinforce

so	continue

oh	seek

uhhuh	reinforce

yeah	end

hm	reinforce

yeah	reinforce

well	seek

see	continue

uhhuh	reinforce

uh	continue

um	seek

so	end

yeah	reinforce

well	seek

youknow	end

okay	end

right	end

um	reinforce

uhhuh	reinforce

thatsright	seek

yes	seek

well	continue

yeah	reinforce

uh	continue

so	end

huh	seek

uhhuh	reinforce

uhhuh	reinforce

so	end

oh	seek

youknow	end

yeah	seek

oh	reinforce

right	seek

okay	reinforce

well	seek

oh	reinforce

uh	end

yes	seek

uh	end

huh	end

yeah	reinforce

uhhuh	end

like	continue

thatsright	seek

uh	end

yeah	reinforce

yeah	seek

uh	end

youknow	continue

uh	end

uh	end

uhhuh	reinforce

yeah	reinforce

uhhuh	end

uhhuh	reinforce

uh	continue

uhhuh	seek

uhhuh	reinforce

uh	continue

thatsright	seek

uhhuh	reinforce

yes	seek

well	seek

well	continue

uhhuh	seek

right	reinforce

um	seek

uhhuh	end

uhhuh	reinforce

right	reinforce

so	continue

so	end

yeah	reinforce

well	seek

uh	continue

uh	continue

okay	reinforce

yeah	seek

like	continue

well	seek

now	continue

uh	continue

uhhuh	reinforce

right	reinforce

thatstrue	seek

yeah	seek

um	end

yeah	end

youknow	continue

um	end

so	seek

true	continue

uhhuh	reinforce

yeah	end

uhhuh	reinforce

yeah	reinforce

uh	end

yes	seek

yeah	reinforce

actually	continue

youknow	continue

um	continue

yeah	seek

say	end

like	continue

uh	continue

oh	reinforce

uhhuh	reinforce

so	seek

uhhuh	reinforce

so	continue

actually	continue

nice	end

youknow	continue

say	continue

um	seek

youknow	end

wow	end

um	end

now	continue

uhhuh	reinforce

okay	reinforce

like	end

true	end

so	end

yeah	reinforce

well	seek

so	end

youknow	continue

well	seek

yeah	reinforce

oh	seek

like	continue

uhhuh	reinforce

now	end

nice	end

yeah	seek

uhhuh	reinforce

yeah	seek

uh	seek

now	end

yeah	reinforce

youknow	continue

so	seek

so	end

yeah	reinforce

true	end

um	end

uhhuh	reinforce

uh	continue

see	continue

uhhuh	reinforce

yeah	reinforce

youknow	end

yeah	seek

uhhuh	reinforce

okay	end

now	end

right	reinforce

so	end

uhhuh	reinforce

uh	continue

youknow	continue

yeah	end

uhhuh	reinforce

youknow	continue

like	continue

see	continue

okay	reinforce

uhhuh	reinforce

uhhuh	reinforce

yeah	end

right	reinforce

uh	end

okay	reinforce

uhhuh	reinforce

yeah	continue

um	continue

yeah	reinforce

yeah	seek

hum	reinforce

right	end

yeah	reinforce

youknow	end

uhhuh	reinforce

okay	reinforce

thatstrue	seek

uh	continue

oh	reinforce

yeah	seek

well	seek

uhhuh	reinforce

uhhuh	reinforce

yeah	end

right	reinforce

uhhuh	reinforce

okay	seek

um	reinforce

um	continue

um	end

yeah	reinforce

uh	continue

uhhuh	reinforce

now	continue

uhhuh	reinforce

nice	end

youknow	end

right	end

uh	continue

like	continue

youknow	end

yeah	seek

yeah	reinforce

yes	reinforce

uh	continue

yeah	reinforce

yeah	reinforce

right	reinforce

youknow	continue

like	continue

uhhuh	end

so	end

so	seek

yeah	seek

oh	reinforce

yeah	end

so	seek

yeah	seek

uhhuh	reinforce

yeah	seek

yeah	seek

anyway	end

uhhuh	reinforce

well	seek

thatstrue	end

um	end

so	seek

so	end

thatstrue	end

yeah	reinforce

uhhuh	reinforce

uhhuh	reinforce

uh	continue

yep	seek

well	seek

uh	end

yeah	seek

uhhuh	reinforce

yes	end

um	continue

yeah	seek

oh	seek

yes	end

uh	continue

sure	continue

uhhuh	reinforce

so	end

well	seek

uhhuh	reinforce

so	seek

uh	continue

like	continue

uhhuh	reinforce

huh	end

yeah	end

so	seek

um	seek

um	end

um	end

yeah	seek

um	seek

uh	seek

oh	seek

yeah	reinforce

oh	reinforce

yes	seek

oh	seek

uh	continue

uhhuh	reinforce

well	seek

uhhuh	reinforce

uhhuh	reinforce

uhhuh	end

um	continue

sure	end

right	continue

uh	seek

youknow	continue

uhhuh	reinforce

um	continue

uhhuh	reinforce

well	seek

well	seek

uh	end

uhhuh	reinforce

uhhuh	end

yeah	seek

like	continue

uh	continue

yeah	reinforce

now	seek

uh	continue

uh	continue

uh	end

so	seek

huh	reinforce

youknow	end

now	seek

uhhuh	reinforce

uhhuh	end

yeah	reinforce

yeah	reinforce

uh	end

youknow	reinforce

uh	continue

anyway	end

now	continue

youknow	seek

yeah	seek

well	end

uh	continue

youknow	seek

uh	end

youknow	reinforce

youknow	end

so	continue

yeah	end

right	end

uh	continue

so	seek

say	continue

so	end

so	continue

uhhuh	reinforce

uh	end

uhhuh	seek

nice	continue

oh	reinforce

uhhuh	reinforce

um	reinforce

um	seek

um	continue

uhhuh	reinforce

yeah	continue

yeah	reinforce

yeah	reinforce

uhhuh	reinforce

nice	continue

so	end

um	continue

yeah	reinforce

yeah	seek

yeah	reinforce

yeah	continue

now	end

um	seek

uhhuh	reinforce

youknow	end

thatstrue	end

youknow	seek

uh	seek

yes	end

say	continue

youknow	end

okay	reinforce

um	continue

right	seek

uh	end

uhhuh	reinforce

youknow	end

yeah	reinforce

uhhuh	reinforce

um	seek

yeah	reinforce

actually	continue

right	reinforce

right	reinforce

uhhuh	reinforce

uh	continue

uhhuh	reinforce

yeah	reinforce

oh	seek

yeah	end

uhhuh	reinforce

youknow	end

youknow	end

uhhuh	reinforce

uhhuh	reinforce

yes	seek

uh	continue

oh	seek

yeah	reinforce

oh	seek

yeah	reinforce

so	end

uh	continue

like	continue

now	end

